{
    "type": "object",
    "description": "Enable virtual background.",
    "properties": {
        "transparency": {
            "type": "number",
            "maximum": 1,
            "minimum": 0,
            "description": "Sets the background transparency from 0 to 1."
        },
        "texture": {
            "type": "string",
            "description": "Sets the file (image or video) as the background texture. For better perfomance, formats must be used: `.jpeg`, `.jpg`, `.png`, `.mp4 (H.264 and aac only)`. Formats such as `.heic`, `.webp`, `.webm` can be used also, but performance may vary depending on the device used. More info can be find here [image formats](https://docs.banuba.com/far-sdk/tutorials/capabilities/technical_specification#image-formats-support) and [video formats](https://docs.banuba.com/far-sdk/tutorials/capabilities/technical_specification#video-formats-support)"
        },
        "rotation": {
            "type": "integer",
            "description": "Rotates the background texture clockwise in degrees."
        },
        "scale": {
            "type": "number",
            "description": "Scales the background texture."
        },
        "content_mode": {
            "type": "string",
            "enum": [
                "scale_to_fill",
                "fill",
                "fit"
            ],
            "description": "Fits the background texture inside frame."
        },
        "blur": {
            "type": "number",
            "maximum": 1,
            "minimum": 0,
            "description": "Sets the background blur radius. Radius in [0, 1] range."
        },
        "clear_color": {
            "type": "string",
            "default": "0 0 0 1",
            "description": "Specifies the color of the area not covered by background texture (e.g. content_mode, fit)."
        },
        "camera_video_scale": {
            "type": "string",
            "default": "1.0 1.0",
            "description": "Set scale factor for the camera image relative to the center of the image."
        },
        "camera_video_origin": {
            "type": "string",
            "default": "0.0 0.0",
            "description": "Set offset for the camera image relative to the center of the image."
        }
    }
}
